<?xml version="1.0" encoding="utf-8"?>
<!DOCTYPE hibernate-mapping PUBLIC "-//Hibernate/Hibernate Mapping DTD 3.0//EN"
"http://hibernate.sourceforge.net/hibernate-mapping-3.0.dtd">
<!-- 
    Mapping file autogenerated by MyEclipse Persistence Tools
-->
<hibernate-mapping>
    <class name="com.model.Gongneng" table="gongneng" catalog="productauctionssh_db">
        <id name="id" type="java.lang.Integer">
            <column name="id" />
            <generator class="native" />
        </id>
        <property name="name" type="java.lang.String">
            <column name="name" />
        </property>
        <property name="fatherid" type="java.lang.String">
            <column name="fatherid" />
        </property>
        <property name="url" type="java.lang.String">
            <column name="url" />
        </property>
        <property name="delstatus" type="java.lang.String">
            <column name="delstatus" />
        </property>
    </class>
</hibernate-mapping>
