<?xml version="1.0" encoding="utf-8"?>
<!DOCTYPE hibernate-mapping PUBLIC "-//Hibernate/Hibernate Mapping DTD 3.0//EN"
"http://hibernate.sourceforge.net/hibernate-mapping-3.0.dtd">
<!-- 
    Mapping file autogenerated by MyEclipse Persistence Tools
-->
<hibernate-mapping>
    <class name="com.model.Goods" table="goods" catalog="productauctionssh_db">
        <id name="id" type="java.lang.Integer">
            <column name="id" />
            <generator class="native" />
        </id>
        <property name="goodsname" type="java.lang.String">
            <column name="goodsname" />
        </property>
        <property name="price" type="java.lang.Integer">
            <column name="price" />
        </property>
        <property name="jiajia" type="java.lang.Integer">
            <column name="jiajia" />
        </property>
        <property name="shuishou" type="java.lang.Integer">
            <column name="shuishou" />
        </property>
        <property name="type" type="java.lang.String">
            <column name="type" />
        </property>
        <property name="img" type="java.lang.String">
            <column name="img" />
        </property>
        <property name="status" type="java.lang.String">
            <column name="status" />
        </property>
        <property name="content" type="java.lang.String">
            <column name="content" length="65535" />
        </property>
        <property name="delstatus" type="java.lang.String">
            <column name="delstatus" />
        </property>
        <property name="stime" type="java.lang.String">
            <column name="stime" />
        </property>
        <property name="etime" type="java.lang.String">
            <column name="etime" />
        </property>
        <property name="maxprice" type="java.lang.Integer">
            <column name="maxprice" />
        </property>
        <property name="memberid" type="java.lang.String">
            <column name="memberid" />
        </property>
        <property name="cs" type="java.lang.Integer">
            <column name="cs" />
        </property>
        <property name="shstatus" type="java.lang.String">
            <column name="shstatus" />
        </property>
        <property name="chengdu" type="java.lang.String">
            <column name="chengdu" />
        </property>
        <property name="buytime" type="java.lang.String">
            <column name="buytime" />
        </property>
    </class>
</hibernate-mapping>
