<?xml version="1.0" encoding="utf-8"?>
<!DOCTYPE hibernate-mapping PUBLIC "-//Hibernate/Hibernate Mapping DTD 3.0//EN"
"http://hibernate.sourceforge.net/hibernate-mapping-3.0.dtd">
<!-- 
    Mapping file autogenerated by MyEclipse Persistence Tools
-->
<hibernate-mapping>
    <class name="com.model.Jiaoliu" table="jiaoliu" catalog="productauctionssh_db">
        <id name="id" type="java.lang.Integer">
            <column name="id" />
            <generator class="native" />
        </id>
        <property name="goodsid" type="java.lang.String">
            <column name="goodsid" />
        </property>
        <property name="memberid" type="java.lang.String">
            <column name="memberid" />
        </property>
        <property name="content" type="java.lang.String">
            <column name="content" length="65535" />
        </property>
        <property name="lsavetime" type="java.lang.String">
            <column name="lsavetime" />
        </property>
        <property name="hcontent" type="java.lang.String">
            <column name="hcontent" length="65535" />
        </property>
        <property name="hsavetime" type="java.lang.String">
            <column name="hsavetime" />
        </property>
        <property name="saver" type="java.lang.String">
            <column name="saver" />
        </property>
    </class>
</hibernate-mapping>
