<?xml version="1.0" encoding="utf-8"?>
<!DOCTYPE hibernate-mapping PUBLIC "-//Hibernate/Hibernate Mapping DTD 3.0//EN"
"http://hibernate.sourceforge.net/hibernate-mapping-3.0.dtd">
<!-- 
    Mapping file autogenerated by MyEclipse Persistence Tools
-->
<hibernate-mapping>
    <class name="com.model.Jingjia" table="jingjia" catalog="productauctionssh_db">
        <id name="id" type="java.lang.Integer">
            <column name="id" />
            <generator class="native" />
        </id>
        <property name="gid" type="java.lang.String">
            <column name="gid" />
        </property>
        <property name="memberid" type="java.lang.String">
            <column name="memberid" />
        </property>
        <property name="chuprice" type="java.lang.Integer">
            <column name="chuprice" />
        </property>
        <property name="delstatus" type="java.lang.String">
            <column name="delstatus" />
        </property>
        <property name="savetime" type="java.lang.String">
            <column name="savetime" />
        </property>
    </class>
</hibernate-mapping>
