<?xml version="1.0" encoding="utf-8"?>
<!DOCTYPE hibernate-mapping PUBLIC "-//Hibernate/Hibernate Mapping DTD 3.0//EN"
"http://hibernate.sourceforge.net/hibernate-mapping-3.0.dtd">
<!-- 
    Mapping file autogenerated by MyEclipse Persistence Tools
-->
<hibernate-mapping>
    <class name="com.model.Member" table="member" catalog="productauctionssh_db">
        <id name="id" type="java.lang.Integer">
            <column name="id" />
            <generator class="native" />
        </id>
        <property name="uname" type="java.lang.String">
            <column name="uname" />
        </property>
        <property name="upass" type="java.lang.String">
            <column name="upass" />
        </property>
        <property name="realname" type="java.lang.String">
            <column name="realname" />
        </property>
        <property name="sex" type="java.lang.String">
            <column name="sex" />
        </property>
        <property name="age" type="java.lang.String">
            <column name="age" />
        </property>
        <property name="tel" type="java.lang.String">
            <column name="tel" />
        </property>
        <property name="email" type="java.lang.String">
            <column name="email" />
        </property>
        <property name="addr" type="java.lang.String">
            <column name="addr" />
        </property>
        <property name="img" type="java.lang.String">
            <column name="img" />
        </property>
        <property name="savetime" type="java.lang.String">
            <column name="savetime" />
        </property>
        <property name="delstatus" type="java.lang.String">
            <column name="delstatus" />
        </property>
        <property name="yue" type="java.lang.String">
            <column name="yue" />
        </property>
        <property name="status" type="java.lang.String">
            <column name="status" />
        </property>
    </class>
</hibernate-mapping>
