<?xml version="1.0" encoding="utf-8"?>
<!DOCTYPE hibernate-mapping PUBLIC "-//Hibernate/Hibernate Mapping DTD 3.0//EN"
"http://hibernate.sourceforge.net/hibernate-mapping-3.0.dtd">
<!-- 
    Mapping file autogenerated by MyEclipse Persistence Tools
-->
<hibernate-mapping>
    <class name="com.model.Notice" table="notice" catalog="productauctionssh_db">
        <id name="id" type="java.lang.Integer">
            <column name="id" />
            <generator class="native" />
        </id>
        <property name="title" type="java.lang.String">
            <column name="title" />
        </property>
        <property name="content" type="java.lang.String">
            <column name="content" length="65535" />
        </property>
        <property name="img" type="java.lang.String">
            <column name="img" />
        </property>
        <property name="savetime" type="java.lang.String">
            <column name="savetime" />
        </property>
        <property name="num" type="java.lang.String">
            <column name="num" />
        </property>
    </class>
</hibernate-mapping>
