<?xml version="1.0" encoding="utf-8"?>
<!DOCTYPE hibernate-mapping PUBLIC "-//Hibernate/Hibernate Mapping DTD 3.0//EN"
"http://hibernate.sourceforge.net/hibernate-mapping-3.0.dtd">
<!-- 
    Mapping file autogenerated by MyEclipse Persistence Tools
-->
<hibernate-mapping>
    <class name="com.model.Shouquan" table="shouquan" catalog="productauctionssh_db">
        <id name="id" type="java.lang.Integer">
            <column name="id" />
            <generator class="native" />
        </id>
        <property name="jsid" type="java.lang.String">
            <column name="jsid" />
        </property>
        <property name="gnid" type="java.lang.String">
            <column name="gnid" />
        </property>
        <property name="fatherid" type="java.lang.String">
            <column name="fatherid" />
        </property>
    </class>
</hibernate-mapping>
