<?xml version="1.0" encoding="utf-8"?>
<!DOCTYPE hibernate-mapping PUBLIC "-//Hibernate/Hibernate Mapping DTD 3.0//EN"
"http://hibernate.sourceforge.net/hibernate-mapping-3.0.dtd">
<!-- 
    Mapping file autogenerated by MyEclipse Persistence Tools
-->
<hibernate-mapping>
    <class name="com.model.Sysuser" table="sysuser" catalog="productauctionssh_db">
        <id name="id" type="java.lang.Integer">
            <column name="id" />
            <generator class="native" />
        </id>
        <property name="usertype" type="java.lang.String">
            <column name="usertype" />
        </property>
        <property name="username" type="java.lang.String">
            <column name="username" />
        </property>
        <property name="userpwd" type="java.lang.String">
            <column name="userpwd" />
        </property>
        <property name="realname" type="java.lang.String">
            <column name="realname" />
        </property>
        <property name="sex" type="java.lang.String">
            <column name="sex" />
        </property>
        <property name="tel" type="java.lang.String">
            <column name="tel" />
        </property>
        <property name="email" type="java.lang.String">
            <column name="email" />
        </property>
        <property name="img" type="java.lang.String">
            <column name="img" />
        </property>
        <property name="delstatus" type="java.lang.String">
            <column name="delstatus" />
        </property>
        <property name="savetime" type="java.lang.String">
            <column name="savetime" />
        </property>
    </class>
</hibernate-mapping>
